"What kind of pet is this (Dog, Cat, Bird, Other)","Pet's Full Name (you don't have to include your last name. Think ""Winston Churchill"" and not ""Winston Churchill MYLASTNAME"")","Pet's everyday name (e.g. ""Church"")",Pet's age,Pet's breed (if applicable)
Dog,Widget,Widget,5,Dachshund
Dog,Stella Bo Bella,Stella,6.5,Mixed
Dog,Tilly,Tills,13,Chocolate Labrador Retriever
Dog,Peter Peter Pumpkin Eater,Petey,5,Pitbull
Dog,Remy,Rem,1,Mixed
Dog,Oreo,Oreo,7,Mixed
Dog,Ljus  (Swedish word for light),Ljus,0.2685078634445723,Golden Retriever
Dog,Bambi,Bambs,3,Mixed
Dog,Layla â€˜The Tankâ€™,Layla,3,Pitbull
Dog,Benny ,Ben,1,Mixed
Dog,Milo,Milo,7,Bichon Frise
Dog,Mocha,Mocha,3,Mixed
Dog,Shadow,Shadow,15,Golden Retriever
Dog,Luna,Luna,1,Great Pyrenees
Dog,Cody,"Baby, Pookie",13,Mixed
Dog,Oatmeal,Oatmeal,0.5833333333333334,Golden Retriever
Dog,Ginger,Nugget,10,Chihuahua
Dog,Starbuck Louise,Starbuck,4,Goldendoodle
Dog,Mocha Antoinette,Mocha,7,Mixed
Dog,Oscar,Oscar,10,Mixed
Dog,Magnolia Mae,Noli,2.5,Great Pyrenees
Dog,George Cooper,Georgie,2,Golden Retriever
Dog,Cayenne,Cayenne,8,German Shepherd
Dog,Olive Oil,Olive,2,Australian Shepherd
Dog,Brook,Brookie,7,Golden Retriever
Dog,Sparkie,"Spark, Sparkie, sparkle",4,Mixed
Dog,Max,Maxie,16,Cairn Terrier
Dog,Howard,Howie,10,Mixed
Dog,Ella Fitzgerald,Ella,12,
Dog,Josephine Bakes,Josie,5,Mixed
Dog,Lennie,Lennie,2,Treeing Tennessee Brindle
Dog,Cody James,Buddy,1.5,Golden Retriever
Dog,Jake,Jake,2,Golden Retriever
Dog,Gail,Gail,3,Treeing Tennessee Brindle
Dog,Lucky,"Luck, Luckboy, Luck duck",3,Mixed
Dog,Darcy,Darcy,3,Cocker Spaniel
Dog,Luke Anakin,Luke,9,Golden Retriever
Dog,Sadie,Sadie Pot Pie,10,Mixed
Dog,Hazel Nut,Hazel,3,Australian Shepherd
Dog,Bourbon,Bourbon,3,Mixed
Dog,Riley,Smiley Riley,13,Golden Retriever
Dog,Mr. Nubs,Mr. Nubs,16,Corgi
Dog,Bentley,Bentley boy,3,Labradoodle
Dog,Fenway,Fenway,6,Boston Terrier
Dog,Benelli,Name,3,Black Labrador Retriever
Dog,Washington the Destroyer,Wash,6.5,Chocolate Labrador Retriever
Dog,Philomenos,"Philo, Phil, phi phi",9,Portuguese Water Dog
Dog,Stampy Wiggles,Stampy,10,Goldendoodle
Dog,Jasmine,Jaz,5,Golden Retriever
Dog,Emma,Puppy,1,Chocolate Labrador Retriever
Dog,Winston,Wintin,4,Mixed
Dog,Torchenay Be Cool,Max,13,Beagle
Dog,Brutus,Brutus,7,Yellow Labrador Retriever
Dog,Lucu,Puppy,7,Mixed
Dog,Mosephine,Mo,1,Poodle
Dog,Abegeweit,Abi (Abby),16,Mixed
Dog,Kramer,Kray Kray,12,Golden Retriever
Dog,Rusty,Wusty,5,Golden Retriever
Dog,Demi,"Dems, demi dog, the queen",6,Mixed
Dog,Alfredog,Alfie,11,Mixed
Dog,Shorty Do-Op,Shorty,15,Mixed
Dog,Penny,Penny,3,Australian Shepherd
Dog,Tuxedo,Tux,1.5,Miniature Schnauzer
Dog,Sally,Sally,7,Golden Retriever
Dog,Lola,Lola,6,Mixed
Dog,Gustav,Goober,10,German Shepherd
Dog,Poppy Sue Galushka Clementine,Poppy,4,Treeing Walker Coonhound
Dog,Duke,Duke,3,Australian Shepherd
Dog,Millie,Mills,7,Jack Russell Terrier
Dog,Sir Winston of Weston,"Winston , Winnie",10,Golden Retriever
Dog,Angus OgDog Dogga McDuff,Angus,13,West Highland White Terrier
Dog,Lady,Doofus,6,Mixed
Dog,Maggie Peaches,Maggie,13,Bichon Poodle
Dog,Camembert,Cami,5,Bernese Mountain Dog
Dog,Shadow,Shadow,3,Saluki
Dog,archer,archer,3,Golden Retriever
Dog,robbie,robz,1.5,Whippet
Dog,Roxy,Roxy,8,Pitbull
Dog,Ashton Sebastian,Ash,9,Pitbull
Dog,Maximum,Max,10,Puggle
Dog,Rosalind Pearl,Rosie,5,Border Collie
Dog,Chyna,Chyna,16,Mixed
Dog,Sadie,Sadie,4,Cockapoo
Dog,Flynn,Flynn,0.9166666666666666,Corgi
Dog,Loki,Loki,3,
Dog,Trixie,Trix,3,Mixed
Dog,Birdy,Birdy,4,Mixed
Dog,Vince,Vincie,11,Yellow Labrador Retriever
Dog,Cobert,Cob,2,Dalmatian
Dog,Jack Daniel,Jackie,3,Chocolate Labrador Retriever
Dog,Crinkle,Crinkle,7,Mixed
Dog,Maisy Lynn Marie,Mimsy,6,Beagle
Dog,Beemer,Beemo,7,Labradoodle
Dog,Mac,Mac,5,Mixed
Dog,Maximillion Taxi,Max,9,Yellow Labrador Retriever
Dog,Krypto,Dinky,6,Golden Retriever
Dog,Bo Jangles,Bo,0.8,Mixed
Dog,Brixton,Brixie,1,Golden Retriever
Dog,Jasper,Jasper,10,Miniature Labradoodle
Dog,Shadow Montgomery,Lovebug,2,Golden Retriever
Dog,Scout,Scout,14,Beagle
Dog,Libby,Libby,12,Golden Retriever
Dog,Jasper Tucker Oaf,Jasper,11,Black Labrador Retriever
Dog,Tazmanian Devik,Taz,9,Mixed
Dog,Iggy Pup,Iggy,0.3333333333333333,Miniature Labradoodle
Dog,Lilly,Lilly,12,Labrador Retriever
Dog,Furrdinand,Furrdie,10,Pomeranian
Dog,Monster Mayhem,Doodle,8,Dachshund
Dog,Watson,Watson,6,Labrador Retriever
Dog,Shine,Shine,12,Mixed
Dog,Freeney Schnurpel,Freenster,13,Shih Tzu
Dog,Bella Jean,Bella,,Mixed
Dog,Ratchet,Ratchie,5,Dachshund
Dog,Clifford,Clifford,4,Cocker Spaniel
Dog,Goose,Gooby,1,Mixed
Dog,Magnus,Munchkin,7,Cairn Terrier
Dog,Shilohâ€™s Dixie Skye,Dixie,8,Miniature Schnauzer
Dog,Bootsie,BootsToots,17,Mixed
Dog,Mindy,Mindy,10,Black Labrador Retriever
Dog,Spock,Spock,7,Mixed
Dog,Merlin,Mer-dog,12,Chesapeake Bay Retriever
Dog,Sylvia Plath,Sylvia,3,German Pointer
Dog,Smokey Neyland,Smo,9,Mixed
Dog,Rufus Tee Hilderbrec,Rufus,11,Shih Tzu
Dog,Baillie,B or B-Dog,7,Border Collie
Dog,Sebastian,Bash,0.3333333333333333,Maltipoo
Dog,Tess,Tess,13,Mixed
Dog,Zorro,Z,8,Chihuahua
Dog,Deacon,Deac,11,Chesapeake Bay Retriever
Dog,Robert Ferguson Mooney,Bobby,6,Golden Retriever
Dog,James buchanan barnes,Bucky,2,
Dog,Buddy Boy,Buddy,16,Cocker Spaniel
Dog,Belle Watling,Belle,2,Maltese
Dog,Magladon wagladon,Maggie,1,Old English Sheepdog
Dog,Bella,Bella,14,
Dog,Sophie,Sophie,11,Golden Retriever
Dog,Stewart Little,Stewie,16,Pomeranian
Dog,Sadie,Sadie,0.9166666666666666,Golden Retriever
Dog,Ashley Wilkes,Ash,11,Mixed
Dog,Oliver Jospeh Andrew,Oliver,11,Golden Retriever
Dog,Rhett,Rhetters,12,English Springer Spaniel
Dog,Lily,Lil,5,Golden Retriever
Dog,Cookie,CookieMonster,8,Shih Tzu
Dog,Brutus,Brutus,10,Mixed
Dog,Ralph,Ralph,0.3333333333333333,Golden Retriever
Dog,Kurt,Kurtis,2,Black mouth cur
Dog,Lyra Cristina,Lyra,0.75,Mixed
Dog,Bailey bear,Bay girl,6,Mixed
Dog,Brooklyn,Brooklyn,2,Beagle
Dog,Champion Craig,Champ,14,Beagle
Dog,Lennox,Lenny,4,Shih Tzu
Dog,Sullivan Otis,Sulley,10,Catahoula
Dog,Hank,Hanky panky,1,Black mouth cur
Dog,Allie Nichols,Allie,5,Mixed
Dog,Lila,Lila,5,Newfoundland
Dog,Liberty Louise,Libby,9,English Springer Spaniel
Dog,Jimmy,JimmyJamSunshineMan,5,Shih Tzu
Dog,Rocky,Rocko,9,Rottweiler
Dog,Sheldon Michael,Shel,7,Mixed
Dog,Jackson,Pupper,3,Australian Cattle Dog
Dog,Maxwell Amos,Max,10,Catahoula
Dog,Margaret Lewis,Maggie,11,Mixed
Dog,ginger,Geeper Creeper,10,Golden Retriever
Dog,Gator,Tate,8,Mixed
Dog,Badger,Badger,12,Dachshund
Dog,Beauregard,Beau,22,Golden Retriever
Dog,Buffy,Buffy and/or Buffalo,8,Mixed
Dog,duque,duque,1,Mixed
Dog,Mika,Mika,5,Husky
Dog,Scarlett,Little Girl,8,Border Collie
Dog,Macy,Macy,11,Golden Retriever
Dog,Gromit Walker,Gromit,8,Golden Retriever
Dog,Gracie Lou Freebush,Gracie,9,Mixed
Dog,River,River,0.2685078634445723,Husky
Dog,Olaf,Olaf,4,Chihuahua
Dog,Buttons,Buttons (sometimes with a french accent),2,Beagle
Dog,Stevie James,Steve,9,Maltipoo
Dog,Mila,Crusty,14,Rottweiler
Dog,Murphy,Murph,5,Golden Retriever
Dog,Oscar the Amazing VelcroDog,Oscar,12,Terrier
Dog,Poppy,Poppy,4,Shih Tzu
Dog,Ellie Mae,Ellie,13,Cocker Spaniel
Dog,Snowy,Snow,11,Shih Tzu
Dog,Bruno,Bruno,4,Border Collie
Dog,Mona,Mona,12,Beagle
Dog,Yaz,Yazzy,11,Golden Retriever
Dog,Princess Leia Organa,Princess,,Mixed
Dog,Oakley,"Oak, oakey-doke",3,Shih Tzu
Dog,Tinkerbell,Tinky,4,Chihuahua
Dog,Beckett,Beckett or Becky,9,Golden Retriever
Dog,Logan,Logan,10,Black Labrador Retriever
Dog,Daisy Grace,Daisy,8,Mixed
Dog,Lila Betterhalf,Lila,13,Greyhound
Dog,Tula Jean,Tula,1,
Dog,Odin,Odin,1,Mixed
Dog,Annie Piker,Annie,8,Greyhound
Dog,Rusty,Rusty,4,Golden Retriever
Dog,Stella Luna,Stella,4,Yellow Labrador Retriever
Dog,Pancho Villa,Pacho,12,Pug
Dog,Waldo,Waldo,9,Cockapoo
Dog,Yadier,Yadi,4,Golden Retriever
Dog,Ruby Gem,Ruby,4,Terrier
Dog,BuddyGus,Buddy or Boo,1.6666666666666667,Golden Retriever
Dog,Homer,Homie,5,Springer Spaniel
Dog,Pippie,Pippie or Pippo,2,Mixed
Dog,Parker,,6,Beagle
Dog,Chipper Doodle,Chip,12,Chocolate Labrador Retriever
Dog,Jack,Jack,7,Labrador Retriever
Dog,Xena,Xena,14,Miniature Pinscher
Dog,Gabby,Gabby,2,Golden Retriever
Dog,Rosebud,Rosie,10,Beagle
Dog,Cooper,Coopee,10,Yorkshire Terrier
Dog,Shakota,Shakota,12,Siberian Husky
Dog,Wilbur,Wilby,7,French Bulldog
Dog,Finn T. Dog,Finn,0.4166666666666667,Weimaraner
Dog,Baylee,"Baylee Boo, Taps",2,
Dog,Sprocket,"Bark, sprock, spark",17,Mixed
Dog,Sophie,Sophie,13,Maltese
Dog,Sasha,Chunk,1,Mixed
Dog,Kookie (pronounced cookie) Pants,Noodle,15,Jack Russell Terrier
Dog,Miss Maisy Cakes,Maisy,1,Mixed
Dog,Han Solo,Solo,3,Cocker Spaniel
Dog,Lillith Anne,Lily,6,Alaskan Husky
Dog,Michelangelo,Mikey,11,Cocker Spaniel
Dog,Freddie Beagle,Fred or Freddie,11,Beagle
Dog,Pieper,Pooper,4,
Dog,Jacob,Jake,6,Alaskan Husky
Dog,Titus Augustus,Tidy,9,American Foxhound
Dog,,Cirrus,2,Poodle
Dog,Shelby,Shelby,14,Labrador Retriever
Dog,,Nimbus,0.5,Poodle
Dog,Finn,Finn,1,Cavalier King Charles Spaniel
Dog,Tessie Joan (of Arc),Tessie,7,American Foxhound
Dog,Ginger,Ginger,12,Golden Retriever
Dog,Sadie,Sadie,6,Golden Retriever
Dog,Flicka,Flicky,12,Labrador Retriever
Dog,Koda Kingslayer,Koda,2,Golden Retriever
Dog,Flicka,Flicky,12,Labrador Retriever
Dog,Maggie,Ms America,7,Golden Retriever
Dog,Henry (after Dorian Grey),Henry,1,Brittany
Dog,Megan,Puppy,10,Mixed
Dog,Hopper T. Dog,Hops,6,Golden Retriever
Dog,Snickers,Snickers,10,Beagle
Dog,Venkman,Venk,5,Golden Retriever
Dog,Murphy,Murph,0.5,Cocker Spaniel
Dog,Maggie,Schmieg,12,Golden Retriever
Dog,Jasmine,Jasmine,13,Golden Retriever
Dog,Hurley Pearly Sky-Sky,Hurley,7,Shih Tzu
Dog,Queso,Queso,14,Golden Retriever
Dog,Breezy Anne,Breezy,5,German Shepherd
Dog,Riley,Riley,7,Golden Retriever
Dog,Homer J,Homer,10,Mixed
Dog,Tucker,Tucker,7,Golden Retriever
Dog,Abby,Abby,3,Mixed
Dog,Cooper Triple Bogey,Coop,0.17261219792865362,Golden Retriever
Dog,Shelby,Shelby,1,Blue Tick Coon Hound
Dog,Oakley Dalton,Oaks,6,
Dog,Lucy Lou,Goose,9,Golden Retriever
Dog,Niles Crane,Niles,4,Border Collie
Dog,Little Lucky One,Lucky,13,Chihuahua
Dog,Benjamin Sebastian,Benjamin,7,Mixed
Dog,Siris Maximus,Sirius,5,Alaskan Husky
Dog,Blaze,Blaze,5,Labrador Retriever
Dog,Brody,Brody,11,Yorkshire Terrier
Dog,Director of Chaos,D.O.C.,4,Boxer
Dog,Cody,Codes,11,Golden Retriever
Dog,Emma,Rotta,6,Mittelspitz
Dog,Isabella Grace,Bella,7,Maltese
Dog,Cookie Boogie,Boogie,3,
Dog,Salina,Salina,2,Mixed
Dog,Theodore James,Theo,5,Maltese
Dog,Ofelia,Ofie Lofie,15,Norwich Terrier
Dog,Hermie,Hermie,3,Chocolate Labrador Retriever
Dog,Jackson Baines Hardin,"Jackson, Jack",14,Mixed
Dog,Rudy,Rudy,12,Black Labrador Retriever
Dog,Chuchi,Baby Chu,9,Poodle
Dog,Belle Silver,Bobo,3,Brittany
Dog,Phoebe Buffay,Phoeb,4,Terrier
Dog,Precious Presley,Presley,1,Yellow Labrador Retriever
Dog,Sarah Jessica Parker,Parker,8,Beagle
Dog,Princess Leah,Leah,8,Miniature Schnauzer
Dog,Mr Duke of Carol Stream,Boo-Boo,10,Labrador Retriever
Dog,Bruno Mars,Bruno,4,Shih Tzu
Dog,Reggie,Reg,8,Border Collie
Dog,Twixie,Gooben,2,
Dog,Kody,Kode,10,Golden Retriever
Dog,Maverick Clinton,Maverick,10,Labrador Retriever
Dog,Sven,Bean,5,German Shepherd
Dog,Lola,Lola,11,Poodle
Dog,Sophie,Sophie,2,Rottweiler
Dog,Lily Potter,Lil,2,German Shepherd
Dog,Dougie McFly,Dougie,11,Cairn Terrier
Dog,RileyRoo,Riley,2,Mixed
Dog,Dobby,Boober,4,Pembroke Welsh Corgi
Dog,Lando,Lando,5,Bernese Mountain Dog
Dog,Tucker Paul,Tuck Tuck,6,Pitbull
Dog,Schnitzel Von Krumm,Ninnel,11,Dachshund
Dog,Wrigley,Wriglry pigley,13,Beagle
Dog,Wally,Wal,0.3333333333333333,Golden Retriever
Dog,Snickers,Doodle,11,Beagle
Dog,Charlie,Charlie,9,Cockapoo
Dog,Pepper,Pep,0.7916666666666666,Cocker Spaniel
Dog,Brownie,Brownie,13,Beagle
Dog,Echo,Beck,3,Mixed
Dog,Banky,Banky,10,Basset Hound
Dog,Koda,Koda,6,Chihuahua
Dog,Clifford,Cliff,6,Mixed
Dog,Coco,Coco Bear,7,Mixed
Dog,Charlie,Charlie,8,Pitbull
Dog,Mojo,Moj,5,Mixed
Dog,Hank,Hank,2,Mixed
Dog,Sebastian,Fritz,15,Mixed
Dog,Hank,Hanky,2,Yellow Labrador Retriever
Dog,Ella,Ells Bells,14.5,Cocker Spaniel
Dog,Frappuccino,Frappie,7,Labradoodle
Dog,Gracie,Grace,12,Shih Tzu
Dog,Phoebe,Phoebe,2,Goldendoodle
Dog,Uma Strawn McGuire,Uma,4,Golden Retriever
Dog,Buster,Boop squared,13,Terrier
Dog,Eva Marie,Eva,3,Chihuahua
Dog,Mia Hamm,Mia,11,Golden Retriever
Dog,alia atreides,allie,5,Mixed
Dog,lexie,lex,0.8333333333333334,Golden Retriever
Dog,Bernard,Bernard,5,Boxer
Dog,Myles - his roman name is Squirtacus Mylonius,Myles,10,Cockapoo
Dog,Millie,Millie,9.5,Mixed
Dog,Bodhi,Bo,6,Golden Retriever
Dog,Mooch,Mooch,9,Terrier
Dog,Piper,Pipes,4,Mixed
Dog,Charles,Charlie,10,Corgi
Dog,Willow,Willow,3,Mixed
Dog,Glamis Schedule K1,Kona,5,Golden Retriever
Dog,Bandit Raye,Bandi,12,
Dog,Anderson,Andy,12,Mixed
Dog,Mars Harambe,Pickle,3,Catahoula
Dog,Claudio Atlas Wolfric,Claudio,8,Dachshund
Dog,Lawson H Dog,Hogan,16,Briard
Dog,Tucker,"Tucker, dude, bud",1,Mixed
Dog,Ames,Ames,5,Husky
Dog,Franc,Franc,0.3333333333333333,Mixed
Dog,Oliver Jackson,Oliver/Baby/Little Man,5,Mixed
Dog,Dolly Doodle Dogger,Dolly,6,Labradoodle
Dog,Cassie,Cassie,5,Mixed
Dog,Logan,Logan brogran,2,Rhodesian Ridgeback
Dog,Basil,Basil,7,Mixed
Dog,Marble,Marble,5,Mixed
Dog,Hollie,Hollie,14,West Highland White Terrier
Dog,Cash Money,Cashie,2,Labrador Retriever
Dog,Seamus,Shamie Bameee,11,Rhodesian Ridgeback
Dog,Nash,Nash,2,Labrador Retriever
Dog,Sian Ben Ryan,Sian or Sisi,14,West Highland White Terrier
Dog,Bear 2,Bear,7.5,Mixed
Dog,Charles Barrath McIntyre,Barry,6,Basset Hound
Dog,Margeurite Larioux Gonzales,Maggie,6,Chihuahua
Dog,Rusty,Rusty,2,Mixed
Dog,Starfire,Star,15,Maltipoo
Dog,Nova,Nova,,Mixed
Dog,Dinty,The Dint,5,Terrier
Dog,Kadie Jo,Kadie Jo,6,Labrador Retriever
Dog,Daisy Duke,Daisy,4,Mixed
Dog,Sunny Sunday Sky,Sunny,15.5,Beagle
Dog,Bailey,Bailey,3,Border Collie
Dog,Bosco Spaghettio,Bosco,9,Border Collie
Dog,Tansei,Duffus,7,Shiba Inu
Dog,Molly,Molly,16,Golden Retriever
Dog,Duke Dukington,Duka,3,Mixed
Dog,Prince Phillip the 2nd,"Phillip, Daddy-o",12,West Highland White Terrier
Dog,Petey,Petey poopoo head,11,West Highland White Terrier
Dog,President Nixon,Nixy,8,Mixed
Dog,Daisy Doodle Fat Kid with Butt Spots,Daisy,4,Mixed
Dog,Benry of Willowbrook,Benry,8,Golden Retriever
Dog,Qoda,Qoda,2.5,Golden Retriever
Dog,Ziggy Starsog,Zig,1.5,Mixed
Dog,Samuel Labrador,Sam,13,Labrador Retriever
Dog,Bentley Boy,Bentley,13,Mixed
Dog,Taco Belle,Taco,,
Dog,Pluto,Pluto,,Golden Retriever
Dog,Toby,Toby,6,Beagle
Dog,Harlee,Harlee,3,Anatolian Shepherd
Dog,Nessa,Nessa,1,Golden Retriever
Dog,Biscuit Bandit,Bandit,3,Labrador Retriever
Dog,The Real Slim Sadie,Sadie,1.5,Golden Retriever
Dog,Quincy Sugarplum,Quincy,3,Golden Retriever
Dog,Skipper Doo,Skip,4,Yorkshire Terrier
Dog,Sam Ruffalo,Sam,6,Mixed
Dog,Brutus Buckeye,Brutus,11,Golden Retriever
Dog,crespo,crespo or baby ðŸ˜‚,12,Mixed
Dog,Rossignol,Rozzie,,Siberian Husky
Dog,Pepper,Pepper,4,Mixed
Dog,Amaya,Maya,6,Siberian Husky
Dog,Tiger,Tiger,12,
Dog,Bonnie,Bonnie,8,West Highland White Terrier
Dog,abby,abby,11,Cavalier King Charles Spaniel
Dog,Cooper,Coop,7,Labrador Retriever
Dog,Chase,Chase,3,Mixed
Dog,Riley Jenkins,Riley,1.5,Golden Retriever
Dog,Montgomery T Dog,"Monty, monkey, monkeyrunk,",2,Mixed
Dog,Nana Roo,Nana,5,German Shepherd
Dog,Callie,Cal Gal (the golden),3,Golden Retriever
Dog,Rocco Norbert,Rocco,10,Golden Retriever
Dog,Jack,Jack,3,Mixed
Dog,Ted,Ted,0.5,Terrier
Dog,Jaida Lynn,Jaida,12,Mixed
Dog,Daisy Lulu,Daisy,9,Poodle
Dog,Titus,Titus,7,Labrador Retriever
Dog,Cookie Asparagus,Cookie,11,Jack Russell Terrier
Dog,Tessa Leigh,Tessa,11,Labradoodle
Dog,Ali,Ali,5,Greyhound
Dog,Daisy,Daisy/Dandelion,4,Yellow Labrador Retriever
Dog,Lucky,Luck luck,5,Labrador Retriever
Dog,Harper Jean,Harper Jean,1.5,German Shepherd
Dog,Max-well,Max,6,Golden Retriever
Dog,Mica,Mica,6,Yellow Labrador Retriever
Dog,Sylvester Balboa,Sly,6,Golden Retriever
Dog,Mia Roo,Mia,11,Australian Shepherd
Dog,Casper Tiberus,Casp,4,Mixed
Dog,Chummy,Chumbles,5,Labradoodle
Dog,Luna Bean,Luna,7,Mixed
Dog,Sofie Tooter Scooter,Sofie,7,Chihuahua
Dog,Mojo,Mojo,5,Labradoodle
Dog,Grace,Grace,1,Mixed
Dog,Frankie,Frankie,1,Mixed
Dog,Osa,Osa,9,Mixed
Dog,Dixie,Dixie,12,Pitbull
Dog,Nina,Nina,7,West Highland White Terrier
Dog,Rachel,Rachel,8,Miniature Schnauzer
Dog,Piper,Piper,9,Chocolate Labrador Retriever
Dog,Bella,Belly,10,Yorkshire Terrier
Dog,Queen Khaleesi,Queenie,12,Mixed
Dog,Bridget,"Bridgy, Pookie bridge",15,Mixed
Dog,Bodacious,Bodie,14,Black Labrador Retriever
Dog,Mama Rose,Rosie,7,Pitbull
Dog,Augustus,Gus,8,Golden Retriever
Dog,Tater,Tater,0.25,Mixed
Dog,Beverly Ann,Beverlana,13,Golden Retriever
Dog,Cora Smalls,Cora,3,Havanese
Dog,Jasper,Jasper,16,Mixed
Dog,Caleb,caliber,1.5,Blue Tick Coon Hound
Dog,Tonka,"Tonks, Tonkers, Sir Tail",8,Newfoundland
Dog,Hank,Baby,2,Boxer
Dog,Brandy,Puddin,5,Mixed
Dog,Sir Squeaksalot the Second,Twoie,9,Chinese Crested Powder Ouff
Dog,Colby Jack,Jack,5,German Shepherd
Dog,Cooper,Coop,0.12,Labradoodle
Dog,Murphy,Murph,1,Goldendoodle
Dog,phineas,,7,Mixed
Dog,Peach,Peach,2,Mixed
Dog,moose alexander,moose,0.6666666666666666,Maltipoo
Dog,Ruby,Ruebs,6,Rhodesian Ridgeback
Dog,Ruby,Ruby,4,Labrador Retriever
Dog,Min Ottende Bold,Otte,9,Black Labrador Retriever
Dog,Min fine Nimina Beana,Mina,6,Yellow Labrador Retriever
Dog,Lucy,Lu,3,Great Pyrenees
Dog,lucy lu,luey,4,Basset Hound
Dog,Katniss Underfoot,Katniss,9,Pitbull
Dog,Sadie,Sayd,13,Border Collie
Dog,Coco  Chanel mademoiselle,Coco,5,Golden Retriever
Dog,Maggie,Mags,8,Border Collie
Dog,Gunner baker,Gunner,12,Labrador Retriever
Dog,April in Paris,Paris,6,Golden Retriever
Dog,Felix,Felix,2,
Dog,Woodruff,Woody,10,Mixed
Dog,Kitty take your gloves off,Reba,8,Golden Retriever
Dog,Mulligan,Mull,12,Golden Retriever
Dog,Loki,Loki aka goof ball,0.6666666666666666,Golden Retriever
Dog,Okemo,Okemo,8,Australian Cattle Dog
Dog,Beau,Beau,1,Golden Retriever
Dog,Zack attack,Zack,10,Golden Retriever
Dog,Kendall,Kendall,4,Mixed
Dog,Bailey,Bailey,1,Pointer
Dog,Ranger,Ranger,11,German Shepherd
Dog,Dan,Dan,12,Mixed
Dog,Sir Maximillion of Binghamton,Max,10,Golden Retriever
Dog,Freya,Freya,3,Mixed
Dog,Jackson,Jax,14,Golden Retriever
Dog,Kurama,Kdog,3,
Dog,Luchik,Luchik or Luci,5,Mixed
Dog,Pippi Hyde,Pippi,11,Cocker Spaniel
Dog,Pearly,Pearl,5.5,Mixed
Dog,Walter,Walty,6,Mixed
Dog,Buddy of Bailey's Irish Cream,Buddy,11,Black Labrador Retriever
Dog,Belle,Belle,15,Golden Retriever
Dog,Zoe Marie,Zoe,6,German Shepherd
Dog,Wilson,Wilson,4,Yellow Labrador Retriever
Dog,Reesie,Reesie,14,Yorkshire Terrier
Dog,Bocephus Ray,Bo,6,German Shepherd
Dog,Gunner,Gunny,5,Yellow Labrador Retriever
Dog,Stella,Stella,12,Mixed
Dog,Bailey's Irish Cream,Bailey,13,Mixed
Dog,Poppy,Pops,16,Jack Russell Terrier
Dog,Nina,Beans,12,Flat Coated Retriever
Dog,Charlotte,Char,4,Mixed
Dog,Ms. Cuddles,Cuddles,13.75,Mixed
Dog,Wayne Rooney,Roo,13,Border Collie
Dog,Snack,Snack,2,Mixed
Dog,Hazel,"Zelly, ZZ, Hayzelly",3,Golden Retriever
Dog,Luna Calamity Barnes,Luna,9,Mixed
Dog,Hiro Barnes,Hiro,5,Mixed
Dog,Ramsey,Ramsey,0.3333333333333333,Labrador Retriever
Dog,Stella Diane,Stella,6,Mixed
Dog,Trigger,Trig,4,Labrador Retriever
Dog,HÃ©loÃ¯se,HÃ©loÃ¯se,10,Mixed
Dog,Scout McGee,Scout,12,Spitz
Dog,Milo,Milo,2,Golden Retriever
Dog,Kolbie,Kolbie,10,Beagle
Dog,Rhyannon's Princess Nikita,Nikki,10.5,Siberian Husky
Dog,Malcolm P. Dog,Malcolm,17,Mixed
Dog,Maxwell T. Bone,Max (Alias: BrownDog),11,Chocolate Labrador Retriever
Dog,Indy,Indy,8,Poodle
Dog,Cody Fluffball,Cody,11,Golden Retriever
Dog,Fudge,Fudgie,6,Mixed
Dog,Mia,Mia,13,Golden Retriever
Dog,Megan Gabriela Ortega,Moo,11,Boxer
Dog,Bel,Bel,7,Cocker Spaniel
Dog,Artie,Artie Party,14,Golden Retriever
Dog,Snickers,Snickers,9,Mixed
Dog,Blue,Blue,7,Blue Heeler
Dog,Wally,WaWa,2,Golden Retriever
Dog,Copper,Copper,10,Mixed
Dog,Juliet,Jules,2,Pitbull
Dog,Dasher,Dash,8,Spanador
Dog,Grace,Gracie,5,Labrador Retriever
Dog,Ruby,Ruby,12,Mixed
Dog,Levi,Lee,6,Australian Shepherd
Dog,Elle Loki Bean,Bellie,1,Mixed
Dog,Dorthea Dix,Doge,5,Golden Retriever
Dog,Layla Bo Peep,Layla,0.3333333333333333,Puggle
Dog,Rocky,Rocky,12,Mixed
Dog,Tillith,Tilly/TillBear,8,Mixed
Dog,Rollo,Rollo,3.5,Yellow Labrador Retriever
Dog,Nisku,Nisku,2,Mixed
Dog,Sadie Jo,Sadie or Tato,5,Yellow Labrador Retriever
Dog,lady,lady,9,Bernese Mountain Dog
Dog,Sammy Q,Sam,10,Golden Retriever
Dog,Oliver Phish,Oliver,2,Pitbull
Dog,Cleopatra,cleo,6,Mastiff
Dog,Birdie,Birdir,1,Labradoodle
Dog,Murphy,Murph,0.5833333333333334,Golden Retriever
Dog,Ryder,Ryder,14,Mixed
Dog,Talani Snowmageddon,Milo,0.375,Golden Retriever
Dog,Winnie the Blue,Winnie,0.9166666666666666,Pitbull
Dog,Scarlett,Scarlett,0.25,Cavalier King Charles Spaniel
Dog,Gus,Gus,11,Golden Retriever
Dog,Dixie Marie,Dixie,8,St. Bernard
Dog,Heidi,Heidi,2,St. Bernard
Dog,Phin,Phin,2,St. Bernard
Dog,Jager,Jager,12,Labrador Retriever
Dog,Brown Bear,Bear,7,
Dog,Lucy,Lucy,4,Golden Retriever
Dog,Kahlua,Chicky-chix,0.8,Mixed
Dog,Baylei,Stinky,1,Labrador Retriever
Dog,Baylei,Stinky,1,Labrador Retriever
Dog,Rocky,Rocky,5,Mixed
Dog,Abigail,Abby,4,Pitbull
Dog,Kira,Kira/Squishy,15,Beagle
Dog,Sammy,Sam sam,6,Mixed
Dog,Piper Marie,Piper,4,Newfoundland
Dog,Charlene,Charlie,12,Yellow Labrador Retriever
Dog,Thor Mighty God of Thunder,Thor,9,Dachshund
Dog,Cody Anne,Cody,2,Golden Retriever
Dog,Tessa,Tessa,11,German Shepherd
Dog,Lily,Lily,10,Mixed
Dog,Butters,Butters,9,Mixed
Dog,Marigold,Marigold,8,Mixed
Dog,Prince Romeo,Romey,8,Miniature Pinscher
Dog,Snickers the First,Snickers,6,Yorkshire Terrier
Dog,Lucky,Lucky,3,Mixed
Dog,Ares,Ares,8,Olde English Bulldog
Dog,Maximillian,Max,13,Golden Retriever
Dog,Rogue,Rogue,6,Border Collie
Dog,Ace,,1,American Hairless Terrier
Dog,Ava,,4,American Hairless Terrier
Dog,Winnifred,Winnie,6,Mixed
Dog,Mika,Mika,8,Mixed
Dog,Charlie Elizabeth Begonias,Charlie,5,Labradoodle
Dog,Jack Ass,"Jack, Jackie",5,Border Collie
Dog,Dan,Digger,13,Pug
Dog,Koko,Koko,4,French Bulldog
Dog,Archibald,Archie,2,Golden Retriever
Dog,Sassie,Sassie,19,Poodle
Dog,Zoe,Zoe,12,Mixed
Dog,Bobo,Bobes,10,Mixed
Dog,Isiah Thomas,Izzy,0.25,Maine Coon
Dog,Sir Pete the Pup,Pete,12,Chihuahua
Dog,Roux Stir,Roux,8,Catahoula
Dog,Lucy Scramble,Lucy,5,Boxer
Dog,Junebug,Junebug,10,Mixed
Dog,Crinkle,Crink-a-dink,7,Rhodesian Ridgeback
Dog,Smokey,Spooky,14,Mixed
Dog,Daisy May,Daisy,3,Yellow Labrador Retriever
Dog,Crimson,Crimson,9,Mixed
Dog,Tide,Tide Dog,9,Mixed
Dog,Sophie,Sophie,10,Mixed
Dog,Sir Nigel Petrie of the Poofybottom Clan,Nigel,12,Mixed
Dog,Tobi,"Bobo, Tib Tob, Tibbi Bibbi, Corn Chip",10,Newfoundland
Dog,Bruin,Bru,7,Golden Retriever
Dog,Lucinda Jean,Lucy,1,Golden Retriever
Dog,Dave,Dave,4.5,Golden Retriever
Dog,Harper Valley,Harper,0.25,Dachshund
Dog,Buster Brown,Buster,11,Mixed
Dog,Leila,Leila!!,5,Pointer
Dog,Trixie,Trixie Treat,3,Golden Retriever
Dog,Archer,Archibald,9,Yellow Labrador Retriever
Dog,Josie Pancakes Fluffybottom,Josie,8,
Dog,Zeus,Zu,1,Great Dane
Dog,Shooter,Shooter,8,Blue Heeler
Dog,Ellie,Ellie,8,Yellow Labrador Retriever
Dog,Macie,Mace,8,Golden Retriever
Dog,Maddie,Bubbis,17,Shih Tzu
Dog,Squirt,Squirt,7,Bulldog
Dog,Samantha Marie,Sammie,8,Mixed
Dog,Quincy,Quincy,5,Mixed
Dog,Cajun,Cajun,6,Mixed
Dog,Duke,Dukie Doo,3,Pitbull
Dog,Daisy,Daisy Dee,3,Pitbull
Dog,Nico,Nico,4,Mixed
Dog,Chance McCoy,Chance,10,Golden Retriever
Dog,Kobi,Kobi,11,Mixed
Dog,Maila,Maila Moose,1,South African Mastiff
Dog,Phineas,Phin,3,Labrador Retriever
Dog,Cody,Vody,20,Labrador Retriever
Dog,Perry,Perry,3,Labrador Retriever
Dog,Call it a night Sir Dudley,Dudley,5,Golden Retriever
Dog,Madison Brooke,Maddy,7,Foxhound
Dog,Like Francis,Luke,8,Treeing Walker Coonhound
Dog,Pilikia,Pili,14,Chihuahua
Dog,Mia Pieper,Mia,3,Mixed
Dog,Pepper Potts,Pepper,6,Golden Retriever
Dog,Scruffy,Scruffy,,Mixed
Dog,Princess Jessi,Jessi,7,
Dog,Mowgli,,1,Labrador Retriever
Dog,,,2,Labrador Retriever
Dog,Wille,Willie,8,
Dog,Otto,Otto,1.5,Mixed
Dog,Optimus,Opti,7,Maltese
Dog,Memphis Mumford,Memphis,2,Cane Corso Mastiff
Dog,Louie,Louie,6,Mixed
Dog,Anna,Anna,5,
Dog,Chester,Chester,13,Nova Scotia Duck Toller
Dog,Zeus Theodore,Zeus,7,Mixed
Dog,Ripley,Ripley,13,Golden Retriever
Dog,Beau,Beau Beau,4,Goldendoodle
Dog,Lucy,Lucy,9,Golden Retriever
Dog,Penelope,Penny,3,Maltese
Dog,Callie,Cal,4,Golden Retriever
Dog,Jake,Jakey poo poo head,2,Goldendoodle
Dog,Willie,Willie,2.5,Yellow Labrador Retriever
Dog,package,package,1,Dalmatian
Dog,Luna,Luna,5,Yorkshire Terrier
Dog,Delilah,Lila,4,Labrador Retriever
Dog,Josephine,Josie,4,Border Collie
Dog,Russell D.,Rusty,9,Mixed
Dog,Excalibur Insubordinate Oâ€™Mallie IX,Cali,2,Golden Retriever
Dog,Darth Vada Mae,Vada,7,Mixed
Dog,Butterscotch,Butters,10,Mixed
Dog,Emma Jean Jelly Bean,Emma,13,Shih Tzu
Dog,Rigby,Rigs,6,Boston Terrier
Dog,Sir Scribbles Of the Shire,Scribbles,5,Mixed
Dog,Tele,Tele,11,Labrador Retriever
Dog,Maggie,Pooper,14,Dachshund
Dog,Daisy Mae,Daisy,11,Golden Retriever
Dog,Bug,bug,6,Mixed
Dog,Rayven,Ray,6,German Shepherd
Dog,puppy girl,puppy,4,Jack Russell Terrier
Dog,beyoncÃ©,beyoncÃ©,2,Chihuahua
Dog,Pippa Mad,Pippa,2,Havanese
Dog,Tails Balboa,Tails,14,Chihuahua
Dog,Tara Balboa,Tara,6,Chihuahua
Dog,Mia,Mimi,1,Chihuahua
Dog,Slainte,Slainte,12,Mixed
Dog,Clyde Frog the Dog,Clyde,3.75,Yellow Labrador Retriever
Dog,Asher,Ashie,9,Golden Retriever
Dog,Miley,Miley,13.5,Mixed
Dog,Suzie,Suzie,5,Chocolate Labrador Retriever
Dog,Joshua,Joshie,9,Golden Retriever
Dog,Kona Kai,Kona,2,Mixed
Dog,Charlie,Charlie,11,Boston Terrier
Dog,Lucky,Lucky,4,Yellow Labrador Retriever
Dog,Lily Ann,Lily,3,Golden Retriever
Dog,Robbie,Robbie,10,West Highland White Terrier
Dog,Chance,Chance,4,Yellow Labrador Retriever
Dog,McGregor,Gregs,11,Scottish Terrier
Dog,Maggie,"Mags, maggals",6,Corgi
Dog,Boo Radley Beauregard,Boo,5,Mixed
Dog,Jean Louise,Scout,2.5,Golden Retriever
Dog,Java Joe,Joe,0.13425393172228614,Corgi
Dog,Heidi hoho,Heidi,7,
Dog,Finlay Heisenberg,Finn,8,Shetland Sheepdog
Dog,Nala Belle,Nala,11,Golden Retriever
Dog,Matelin Paco Junior,Mate,9,Australian Shepherd
Dog,Eddie,Eddie,8,Chihuahua
Dog,Sir Thompson Squigglebutt,Tommy,7,Chihuahua
Dog,Miss Kasey Bubbles,Kasey,8,English Setter
Dog,Angel,Angel,9,Golden Retriever
Dog,Loosie,Goose,15,Whippet
Dog,Sophie,Sophie,14,Whippet
Dog,Douglas,Douglas,10,Basset Hound
Dog,Zoi,Z,1,English Setter
Dog,Jasper,Jasper,14,Whippet
Dog,Rupert,Roo,3,Basset Hound
Dog,Spencer,Spence,10,Pointer
Dog,Sir Clyde Bootsie Sideeye,Clyde,11,Chihuahua
Dog,Daisy Mae,Daisy,7,Goldendoodle
Dog,Teddy Bear,Teddy,11,Mixed
Dog,Edward Gene,Eddy,15,Golden Retriever
Dog,Peaches Monroe,Peaches,4,Jack Russell Terrier
Dog,Sir Nicholas,Nick,9,Mixed
Dog,Eowyn,Eo,13,Shih Tzu
Dog,Jayden,Denden,8,Shih Tzu
Dog,Joey,Jo,1,Golden Retriever
Dog,Walker Texas Ranger,Wally,1,Mixed
Dog,Mike Mussina,Moose,1,Mixed
Dog,Demon Deacon,Deke,13,Golden Retriever
Dog,benny the tiny von hudehoff,benny,5,Yorkshire Terrier
Dog,Jacky,Jack,3,Golden Retriever
Dog,Gigi,Gigi,10,Golden Retriever
Dog,Liontamerâ€™s Nelson M Mandela,Nelson,2,Rhodesian Ridgeback
Dog,Toby,Toby,12,Golden Retriever
Dog,Sugar,Sugar,13,Mixed
Dog,Mackley,Mackey,4,Bulldog
Dog,Sugar,Sugar,5,Golden Retriever
Dog,Minnie,Minnie,10,Miniature Pinscher
Dog,Meeko letang,Bubby,3,
Dog,Oddjob,Jobby,11,Puggle
Dog,Charleston Wesley,Charlie,1,Goldendoodle
Dog,Shelby,Shelb,0.25,Mixed
Dog,Barracuda,Cuda,0.25,Mixed
Dog,Daisy,Daisy,5,Mixed
Dog,Moose Van Haus Huenink,Moose,3,Rottweiler
Dog,Princess Bella Marie,Bella,11,Dachshund
Dog,Geno Stoneycreek Pugh,Beans,2,Rottweiler
Dog,Sadie Mae,Sadie,6,German Pointer
Dog,Ruby Sue,Ruby,3,Blue Tick Coon Hound
Dog,Zoey,Zoey/zozo,8,Golden Retriever
Dog,Apollo,Apollo,10,Boxer
Dog,Petey,Pete,11,Yellow Labrador Retriever
Dog,Sadie Blue,Sadie,9,Border Collie
Dog,Mira,Weetum,13.5,Greyhound
Dog,Ginger,Ginger,9,Mixed
Dog,Hairy Potter,Hairy,12,Boston Terrier
Dog,Cricket,Crickita,12,Mixed
Dog,Xenia Marie,Xenia,8,German Shepherd
Dog,Daisy Mae,Daisy,12,Cairn Terrier
Dog,Skylar,Sky dog,15,Mini Aussie
Dog,Maybus Dogstoevsky,Maybe,11,Treeing Walker Coonhound
Dog,Kahlua,"Louie, LouLou, KaHULA, FlufferNutter",7,Mini Aussie
Dog,Maggie pie thatcher,Maggie,0.3333333333333333,Blue lacy
Dog,Ashildr,Ashy,1,Boxer
Dog,Elsa,Stinky poo poo,,German Shepherd
Dog,Belle,Stinky poo poo too,,Golden Retriever
Dog,Zeus,Zeusy,8,Mixed
Dog,Molly,Miss Pants,6,Yellow Labrador Retriever
Dog,Chip,"Chippy, Chipper, Dumbo, or Chipper Dipper",13.5,Yellow Labrador Retriever
Dog,Chewustuffer Asshole,Chewy,2,Golden Retriever
Dog,Sailor Moon,Either Sailor or Moon,4,Newfoundland
Dog,Navigatorâ€™s Sipsey River PrinceS,Sipsey,11,Labrador Retriever
Dog,Buddy,Bud,9,Border Collie
Dog,Brown Butter Biscuit,Biscuit,12,Labrador Retriever
Dog,Millie,Lil mil,13,Mixed
Dog,Jonah,Jonah,5,Mixed
Dog,Diggs,Diggs,9,Australian Cattle Dog
Dog,Herman,"Hermie, Herm-Derm, Herbie, Herm-Worm",14,Dachshund
Dog,Datsyuk,Datsyuk,0.6666666666666666,Mixed
Dog,Nightwing,Nightwing,6,Mixed
Dog,Isabella,Bella,5,German Shepherd
Dog,Princess Buttercup,Princess,4,Mixed
Dog,Sir Jake of Zoar,Jake,11,Yellow Labrador Retriever
Dog,scout,scout,6,King Charles
Dog,Aluxe,Aluxe,14,Poodle
Dog,brownie,brownie,11,King Charles
Dog,Shelby May,Shelbs,6,Terrier
Dog,Mr. Henry Midas Darcy,Henry,7,Golden Retriever
Dog,Annie Reese,Annie,11,Mixed
Dog,Blackjack,Blackjack,3,Mixed
Dog,Jaden,Jaden,8,
Dog,Sophie,Soph,9,Golden Retriever
Dog,Petey,Petey,11,Golden Retriever
Dog,Jack,Jackson,11,Golden Retriever
Dog,Bella,Bell,8,Puggle
Dog,Starsky Buford,Starsky,7,Foxhound
Dog,Quito,Kiki,4,Mixed
Dog,Wiggins,Wiggs,3,Mixed
Dog,Bella,Smelly Belly,13,Weimaraner
Dog,Maple,"Mapie, Mapes",0.5,Shiba Inu
Dog,Sara,Sara,7,Polish Tatra Sheepdog
Dog,Clementine,Clem,6,Coonhound
Dog,Ali May,Ali,12,Yellow Labrador Retriever
Dog,Aspen,Ass-pen,3,Coonhound
Dog,Amber,Amber,2,German Pointer
Dog,Coquine,Ti-Chat,15,Maltese
Dog,Medley May,Med head/big medley,8,Great Dane
Dog,Maggie,Mag bag,3,Great Dane
Dog,Finn Jethro,Finny,7,Poodle
Dog,Tallulah Lilac,Lulah,4,Poodle
Dog,Bear,Bear,6,Mixed
Dog,Emily,Emily,7,Pitbull
Dog,Winifred Yankeestaff Arnone,Winnie,13,English Staffordshire Bull Terrier
Dog,Bella,Bella,9,Shih Tzu
Dog,Mocha Latte,Moch,2,Mixed
Dog,Bentley Rockstaff Jardine Arnone,Bentley,0.8333333333333334,English Staffordshire Bull Terrier
Dog,Freddie Mercury,Freddie,15,Miniature Schnauzer
Dog,Einstein Pancake,Einstein,11,Mixed
Dog,Sir Eggs Benedict,Benny,2.5,Pembroke Welsh Corgi
Dog,Bandit,Ban ban,8,Husky
Dog,Mac,Mac,5,Border Collie
Dog,Shepherd E Stoltzfus,Shep,5,Border Collie
Dog,Cinnamon,Chinamon,4,Golden Retriever
Dog,Rocky Ciroc,Ciroc,6,Bichon Frise
Dog,Jack,Jack,2,Dachshund
Dog,Baldrick of Blackadder Bob,Bob,14,Miniature Schnauzer
Dog,Danny,Danny,,Mixed
Dog,Troy,Sweetie,9,Mixed
Dog,Lavender,Lav,8,Pitbull
Dog,Buddy,Mr. B,6,Golden Retriever
Dog,Chase,Chase,6,Boxer
Dog,Charlotte,Charlie,8,Border Collie
Dog,Ice,Ice,14,Mixed
Dog,Dolly,Dolly,0.75,Yellow Labrador Retriever
Dog,Geoffrey,Geoffrey,1,Maltipoo
Dog,Holly,Holly,8.5,Golden Retriever
Dog,coco pollybird,coco,10,Cocker Spaniel
Dog,Tim,Tim,12,Beagle
Dog,Magui Josefina Primera Mercado,MoÃ±oÃ±ito,16,Cocker Spaniel
Dog,Scooby,Scoob,,Cocker Spaniel
Dog,Balto JosÃ©,Bartolo,6,
Dog,Xena Badass McAwesome Princess Flufflepuffs of the Ashen Fields of Mordor,Xena,6,Golden Retriever
Dog,Wilbur,Wilby,6,French Bulldog
Dog,Rowena Ravenclaw,Puppy,3,Rhodesian Ridgeback
Dog,Magnificent,Maggie,7,King Charles
Dog,Nova,Scoosh,0.5833333333333334,Cocker Spaniel
Dog,Penny,Penny,12,Cairn Terrier
Dog,Maisie taters,Maisie,2,Mixed
Dog,Guinness,Guinness,9,Australian Shepherd
Dog,Johnny Bee,Johnny,5,Mixed
Dog,Mayflower,May,12,Labrador Retriever
Dog,Roscoe,Roscoe,13,Beagle
Dog,Ashley,Ashley,5,Cocker Spaniel
Dog,Janis,Janis,7,
Dog,Leonardo,Leo,7,Pekingese
Dog,Ceili Kibbles,Ceili (pronounced K-Lee),10,Golden Retriever
Dog,Charlie,Charlie,0.4166666666666667,Bernese Mountain Dog
Dog,Mango,Mango,2,
Dog,Rufus,Roofie,14,Golden Retriever
Dog,Daisy,Daze,0.3333333333333333,Golden Retriever
Dog,Lily,Lils,13,Golden Retriever
Dog,Bertie,Bertie Boy,0.3333333333333333,Golden Retriever
Dog,Max,Bear,7,Akita
Dog,Molly,Moo,7,Beagle
Dog,Poppy,Poppy dog,2,Golden Retriever
Dog,daisy,Daisy dog,2,Golden Retriever
Dog,Koda,Koda,9,Golden Retriever
Dog,Elwood,Elwood,9,Golden Retriever
Dog,Jake,Jakey,9,Golden Retriever
Dog,Miles,Miles,8,Labrador Retriever
Dog,Indiana,Indy,10,Springer Spaniel
Dog,Maximus Harvey,Max,2,Golden Retriever
Dog,Douglas Ray Richardson the Third,Doug,6,Red heeled
Dog,Harley,Gnarly,4,Pug
Dog,Buster,Busty,14,Jack Russell Terrier
Dog,Alfie,Alfie Dude,14,Jack Russell Terrier
Dog,Mila,Mila,9,Mixed
Dog,Zero,Boydog,10,Rhodesian Ridgeback
Dog,Bella Nina,Bella,7,German Shepherd
Dog,Thomas James,Tom,4,
Dog,Archie,Archie,0.33,German Shepherd
Dog,Briggs,Briggy,10,Yellow Labrador Retriever
Dog,Mya (The Dog),My,13,Yellow Labrador Retriever
Dog,Neela,Neely,8,Shih Tzu
Dog,Hank,Hankle,2,Mixed
Dog,Button,Button,7,Mixed
Dog,Missy Princess,Missy,14,Cocker Spaniel
Dog,Prince,Prince,7,German Shepherd
Dog,Samuel,Sam,8,Golden Retriever
Dog,Precious Fudge,Miss Precious,12,Chocolate Labrador Retriever
Dog,truffles,truffs,11,Poodle
Dog,woodland,woody,4,Chihuahua
Dog,Heath M,Mr. Peaf,8,Australian Cattle Dog
Dog,Mosley,Mr. Mosley,6,Mixed
Dog,Peter,Mr. Peter,3,
Dog,Sammy,Sammy,12,Mixed
Dog,Theodore Barkalot,Teddy,8,Bichon Havanese
Dog,d'Artagnan,Dart,17,Pug
Dog,Celsius Pele Amadeus Cartier,Celsius,11,Black Labrador Retriever
Dog,Lando Calrisian,Lando,4,Labrador Retriever
Dog,Obi-Wan,Obi,2,Labrador Retriever
Dog,Titus Sirius Icarus Cartier,Titus,10,Black Labrador Retriever
Dog,Samuel T Dogg,Sam,8,Labrador Retriever
Dog,Oreo Ann,Oreo,11,
Dog,Oliver,Ollie,7,
Dog,Stamford,Stamford,10,Bichon Frise
Dog,Bentley,Bentley,4,Chocolate Labrador Retriever
Dog,Lulu,Lulu,10,Jack Russell Terrier
Dog,Ella,Elephant,8,Mixed
Dog,Roxy,Roxy,5,German Shepherd
Dog,Desmond,Dez,8,Black Labrador Retriever
Dog,Stella,Stella,9,Mixed
Dog,Sheena,Beena,12,Golden Retriever
Dog,Perry the Poodle,Perry,2,Poodle
Dog,Cody the Corgi,Cody,3,Pembroke Welsh Corgi
Dog,Ginevra Molly,Ginny,0.34522439585730724,Golden Retriever
Dog,Riley,"Riley or Ri (pronounced RHY), but then thereâ€™s a bunch of nicknames like (Riley Roo, Roo, Ri Ri, Bud, Buddy, Bub, etc)",4,Husky
Dog,Cleopatra,Cleo,3,Greyhound
Dog,Coco,Coco,10,Corgi
Dog,Captain,Captain aka Cappie,14,Husky
Dog,Buddy,Buddy,8,Mixed
Dog,Magnolia Mae,Maggie,2,Corgi
Dog,Sam,Sammy,5,Border Collie
Dog,Zoey,Zo,4,Mixed
Dog,Chip,Chippers,2,Golden Retriever
Dog,Snickers,Snick,8,Labrador Retriever
Dog,Max,Max,12.5,Labrador Retriever
Dog,Leeloo,Leeloo,2,Labradoodle
Dog,Owen,Owen,13,Rhodesian Ridgeback
Dog,Daisy May,Daisy,11,Golden Retriever
Dog,Sunshine,Sunny,4,Pyrador
Dog,Freskin,Fattima Bouffants,13,Black Labrador Retriever
Dog,Philippa,Pippa,4,American Hairless Terrier
Dog,Lillie (Lilian now that sheâ€™s older),Lillie,5,Boxer
Dog,Dr. Wolf Barker,Wolfie,7,Mixed
Dog,Toby,Tobias,10,Bichon Frise
Dog,Alice,Alicima Bouffants,11,Bichon Frise
Dog,DeeDee,Deedle Dumpling,10,Bichon Frise
Dog,Oliver,Oliver,12,Bichon Frise
Dog,Reuben,Reuben,12,Bichon Frise
Dog,Mowgli,"Mowgli, Mr. Tude (when he's sassy)",3,Yorkshire Terrier
Dog,Toby,Toby,12,Labrador Retriever
Dog,Buddy,Buddy,11,Mixed
Dog,Bella Sitka LASTNAME,"Bell, Bella, Pretty",15,Mianture American Eskimo
Dog,Monty,Montgomery of Fitzgerald,8,Labrador Retriever
Dog,Luna Lastname,"Luna, Loon, Loonie, Miss Loon, Wiggles",0.75,Doxin
Dog,Echo Last Name,Echo,12,Mianture American Eskimo
Dog,Nuffin,Nuffin,6,Golden Retriever
Dog,Mars,Chano,9,Corgi
Dog,Calhoun Richard Anderson du Nord,Cal,3.5,Golden Retriever
Dog,Charlie Brown,"Charlie, Charizard, Charles",10,Labrador Retriever
Dog,Bixby Lucas,Bixby,1,Black Labrador Retriever
Dog,Taco,"Taca Taca, snorticus",13,French Bulldog
Dog,Belle,Jelly Belly,3,Beagle
Dog,Jimmy,Jimmy,3,Jack Russell Terrier
Dog,Miles,Miles,10,Redbone Coonhound
Dog,Eleanor Rose,Elly,5,Golden Retriever
Dog,Cooper Jay Nigel Winston,Cooper,8,Mixed
Dog,Buddy Augusto,Buddy,14,Cocker Spaniel
Dog,Dash,Dash,7,Mixed
Dog,Opie,Dope/ Opie,11,Golden Retriever
Dog,Georgia,Georgia,3,
Dog,Dino,Dino,13,Keeshound
Dog,Penny,Penny,10,Mixed
Dog,Alexâ€™s Fiesty Girl Bailey Balogh,Bailey,11,Golden Retriever
Dog,Rey,Reymundo,2.5,Jack Russell Terrier
Dog,Uwe,Uwe,4,Golden Retriever
Dog,Millie Betty,Mill,1.5,Dalmatian
Dog,Henry,Henny,1,Dalmatian
Dog,Daisy May,Daisy,13,Mixed
Dog,Chamomile June,Cammie,9,Cocker Spaniel
Dog,Chapman,Chapman,15,Black Labrador Retriever
Dog,Tucker,Tucker,0.75,Mixed
Dog,Chappelle,Mutt,8,Dachshund
Dog,Bella,Bella,11,Greater Swiss Mountain Dog
Dog,Toby Wan Kenobi,Toby,1,Golden Retriever
Dog,Daisy,Daisy,12,Labrador Retriever
Dog,Beaucoup du Chien,Beau,,Newfoundland
Dog,Pumpkin,Pumpkin,,Yellow Labrador Retriever
Dog,Poquit,Poquit,,Chocolate Labrador Retriever
Dog,Rosie,Rosie,9,Golden Retriever
Dog,Murphy,Murphy,10,Yorkshire Terrier
Dog,Giacomo Science,Giacomo,6,Bernese Mountain Dog
Dog,Zuul,Zuul,5,Mixed
Dog,Trogdor Jealous,Dora,14,Mixed
Dog,Professor Tuxedo,Tux,1,Bernese Mountain Dog
Dog,Bodie,Bodie,8,Golden Retriever
Dog,Zoey,Zoey,5,Labradoodle
Dog,Joel Carlos,Joel,3,Beagador
Dog,Lola,Lola,1,Cocker Spaniel
Dog,Rufus,Rufus,15,Cairn Terrier
Dog,Sadie,Bubba,12,Golden Retriever
Dog,Zoey Deschanel,Zo,12,Bichon Frise
Dog,Cooper,Coop,6,Golden Retriever
Dog,Captain Goose,Goose,1,
Dog,Mr Doctor Professor Constable Detective Brick,Brick,8,British Bulldog
Dog,Ellie Sattler,El,1,Mixed
Dog,Juke,Juke,4,Dachshund
Dog,Blue,Blue,0.5,Chocolate Labrador Retriever
Dog,Kiefer Bartholomew,Kief,9,Belgian Shepard
Dog,Jackson,Jax,5,Labradoodle
Dog,Zeta bear,Bear,6,German Shepherd
Dog,Minnie,MinniePin,2,Mixed
Dog,Dixie,Dixie,15,Mixed
Dog,Rosa Barks,Rosie,11,Shih Tzu
Dog,Charlie,Charlie,0.19179133103183735,Mixed
Dog,Jack Dog,Jack,16,Mixed
Dog,Timon,Timon,3,Mixed
Dog,Leila Fowler-Martinez,Leila or Pinche Leila,7,
Dog,Tubu,Tubu,11,Chihuahua
Dog,Goodness Gracious,Gracy,12,Shih Tzu
Dog,Monkey,Monkey,11,Australian Shepherd
Dog,Rosie,Rosie Posie,,Golden Retriever
Dog,Scirocco Augustus,Rocco or Crocco,5,Treeing Walker Coonhound
Dog,Heavy Duty Puppy,Duty,4,Shetland Sheepdog
Dog,Siena Rosa,Siena,12,Golden Retriever
Dog,Buttercup Maplesde,Butternut,3,
Dog,Zuez Maplesden,Zuzy,3,
Dog,Bella Maplesden,Bella,2,Bali
Dog,,,,
Dog,,,,
Dog,Ghia Lynn,Ghia or Geeg,1,Border Collie
Dog,Delilah,Lilah,7,Beagle
Dog,Treacle,Treacle,10,Mixed
Dog,Sam,Sam,11,Labrador Retriever
Dog,Tyson,"Tysbert, T McT, Mucki, Muckelbert, Muckmuck, Maggey",14,Mixed
Dog,Parker,Parker,11,Goldendoodle
Dog,Captain Avro Clarence,Avro,6,Miniature Schnauzer
Dog,Carlene,Weentz,4,Mixed
Dog,Linda,Linda,10,West Highland White Terrier
Dog,Toby Wooferton,Toby,18,Mixed
Dog,Sacha,Fjollehoved (Danish for goofball),13,Golden Retriever
Dog,Snickers,Snicks,14,Labradoodle
Dog,Sherlock Bones,Sherlock,4,Pitbull
Dog,Irene Adler,Addie,8,Bulldog
Dog,Wallace,Wally,2,Labradoodle
Dog,Dude,Handsome,2.5,Labrador Retriever
Dog,Bailey,Bailey,9,Golden Retriever
Dog,Willow,Sweetie,6,Labrador Retriever
Dog,Philistine Smoosh,Bill,14,Jack Russell Terrier
Dog,Henry Nacho,Henny,8,Golden Retriever
Dog,Maximilian Kolby,Maxy,16,Golden Retriever
Dog,Argos,Argos,6,Mixed
Dog,Madeline Grace,Ma ma,15,Golden Retriever
Dog,Elvis,Elvis,11,Cockapoo
Dog,Coconut Butter,Coco,5,Mixed
Dog,Lucy-fur,Lucy,12,Golden Retriever
Dog,Sophie Grace,Soph,13,Brindle Black
Dog,Prince,Prince,14,Mixed
Dog,Jackson Buttsickle,Jacks,4,Mixed
Dog,Lassie,Lass Lass,14,
Dog,Charles Xavier II,Charlie,4,Great Pyrenees
Dog,Caroline,Caroline,5,Mixed
Dog,Beau,"Goomby, Mr. Beauregard",4,Golden Retriever
Dog,Lindon,Lindy loo,10,Mixed
Dog,Tedward,Teddy,4,Mixed
Dog,Zuzu,Zu,4,Mixed
Dog,Marcus Brutus,Brutus,4,Boxer
Dog,Brownie Leigh,Brownie,3,Mixed
Dog,Jersey Girl,Jersey,11,Mixed
Dog,Stella,Stells,10,Goldendoodle
Dog,Lizzie,Lizzie Pie,6,Mixed
Dog,Roxy,Roxy Socks,1,Mixed
Dog,Coco Murfree,Coco,9,Border Collie
Dog,Ozzy,Ozlet,1,Mixed
Dog,Winston Pigaloo,Winston or Lewis,6,Pug
Dog,Noodle,Noodle / Weenie,13,Dachshund
Dog,Phantom,Phantom,5,Pitbull
Dog,Ellen Park,Ellen,3,
Dog,Spud,Schmoops,1.5,Pembroke Welsh Corgi
Dog,FN 2187,Finn,1.5,Goldendoodle
Dog,Pisco,Pisco,5,German Pointer
Dog,Sadie,Sadie,3,German Shepherd
Dog,Lola,Loli Ravioli,0.75,Golden Retriever
Dog,Addie Heart,Addie,8,Mixed
Dog,Ernie,"Ernburn, Erndog, Ernieworm",1,
Dog,Semaj,"Sammich, Dumbledork",4,Shih Tzu
Dog,Maya,"Little Miss Maya, Diva",8,Shih Tzu
Dog,Bijou,Bijou,12,Jack Russell Terrier
Dog,Pesto,Pesto,0.75,Beagle
Dog,Maggie,Magz,,Mixed
Dog,Toby,Toby,1,Golden Retriever
Dog,Jacob Marley,Jake,6,Golden Retriever
Dog,Cujo,Bubby,11,Cocker Spaniel
Dog,Maizie,Maizie,0.3333333333333333,Miniature Schnauzer
Dog,Bruce D4,Bruce,12,Dachshund
Dog,Jackie Kate,Jackie,5,Mixed
Dog,Daisy Bear,Daisy or Bear,2.5,German Shepherd
Dog,Tinker Stinker,Stinks,2.5,German Shepherd
Dog,Mile High Ice Storm,Miles,7,Golden Retriever
Dog,Breezy Bear,Breezy,1,Golden Retriever
Dog,Nara,Gorda,3,Australian Cattle Dog
Dog,Wyatt Daniel,Wyatt,2,Pembroke Welsh Corgi
Dog,,Petra,,Golden Retriever
Dog,Rosie,Rosie,10,Walker Hound
Dog,Lilly,Lilly,10,German Shepherd
Dog,Charles,Charles,12,Miniature Schnauzer
Dog,Pippa,Pip,1.1,Goldendoodle
Dog,Oliver,Ollie,7,Jack Russell Terrier
Dog,Kiku,Kiku,3,Mixed
Dog,Brandy,Brenda,10,Havanese
Dog,Bobby,bobkin,8,Shih Tzu
Dog,Emma,Emma,12,Mixed
Dog,Bessy,Bess,10,Labrador Retriever
Dog,Dakota,"Woobis, Woobie",13,Mixed
Dog,Altrichter,Cooper,9,Golden Retriever
Dog,Tucker,Tuck,7,Golden Retriever
Dog,Penny Bellew,Penny,6,Labrador Retriever
Dog,Morena,Morena,2,Corgi
Dog,Brownie,Bub,13,Maltipoo
Dog,Mose Schrute,Mose,2,German Shepherd
Dog,Rocky,Rocky,6,Corgidor
Dog,Tyler John (had to give him a middle name for when he was in trouble),Ty,12,Rhodesian Ridgeback
Dog,Tux,Tux,9,Mixed
Dog,Ruby,Ruby,3,Mixed
Dog,Pooch-K,Pooch-k the pooch,7,Mixed
Dog,Scooby,Scoobers,0.5833333333333334,Mixed
Dog,Lloyd,Lloyd,11,Golden Retriever
Dog,Ishka,Ish/Ishka,8,Golden Retriever
Dog,Millie,Millie,1.5,Border Collie
Dog,Rossa,"Ross, Rossy, Rossapoo",5,Golden Retriever
Dog,Wookie,Wookie,7,Goldendoodle
Dog,Tucker,Tucker,2,Labrador Retriever
Dog,Keifer,Keifer,14,Yellow Labrador Retriever
Dog,Frankie,Frankie,7,Mixed
Dog,Sammy,Sam,5,Mixed
Dog,Barrett,Barrett,3,German Shepherd
Dog,Benjamin,Benj,2,Border Collie
Dog,Laney,Laney,12,Golden Retriever
Dog,Dixie,Lady,3,Pitbull
Dog,Diesel,Diesel,3,Pitbull
Dog,Baxter,Baxter,7.5,Golden Retriever
Dog,Riley Marie,Riley,13,Cocker Spaniel
Dog,Reginald Fonzerelli Hawkes,Reg,12,Goldendoodle
Dog,Erik,Earwig,4,Wirehaired dachshund
Dog,Oliver,Oli,8,Jack Russell Terrier
Dog,Bilbo Spud Doggins,Bilbo,5,Cocker Spaniel
Dog,Bailey Woofer,Bailey,13,Cocker Spaniel
Dog,Skyy like the vodka,Skyy,3,Husky
Dog,Malibu like the rum,Malibu,1,Golden Retriever
Dog,Golden Tate,Tate,2,Golden Retriever
Dog,Bear,Bear,0.5833333333333334,Labrador Retriever
Dog,Stanley,Stan,0.5,Miniature Schnauzer
Dog,Andromeda Mae,Andie,6,Goldendoodle
Dog,Eloise Gertrude,Ellie,2,Labradoodle
Dog,Lady Bonnie of Coventry,Bonnie,8,Mixed
Dog,Gibson,Gibby,2.5,Pitbull
Dog,Brewskie,Brew,11,Puggle
Dog,Koli,Koli,11,Mixed
Dog,Moxie Jean Narice,Moxie,1,German Shepherd
Dog,Dancer Pants,Dancer,17,Havanese
